{".": {"KQ": 0.08333333333333333, "KJ": 0.08333333333333333, "QK": 0.08333333333333333, "QJ": 0.08333333333333333, "JK": 0.08333333333333333, "JQ": 0.08333333333333333, "JA": 0.08333333333333333, "QA": 0.08333333333333333, "KA": 0.08333333333333333, "AJ": 0.08333333333333333, "AQ": 0.08333333333333333, "AK": 0.08333333333333333}, ".K.": {"BET": 0.005863978746673386, "CHECK": 0.9941360212533267}, ".Q.BET": {"FOLD": 0.6838352457521532, "CALL": 0.3161647542478469}, ".K.BET.FOLD": {}, ".K.BET.CALL": {}, ".Q.CHECK": {"BET": 0.003928571428571429, "CHECK": 0.9960714285714286}, ".K.CHECK.BET": {"CALL": 0.9997485253580443, "FOLD": 0.0002514746419557558}, ".Q.CHECK.BET.CALL": {}, ".Q.CHECK.BET.FOLD": {}, ".K.CHECK.CHECK": {}, ".J.BET": {"FOLD": 0.9995, "CALL": 0.0005}, ".J.CHECK": {"BET": 0.4669006848169411, "CHECK": 0.533099315183059}, ".J.CHECK.BET.CALL": {}, ".J.CHECK.BET.FOLD": {}, ".Q.": {"BET": 0.043103899785357565, "CHECK": 0.9568961002146424}, ".K.BET": {"FOLD": 0.29644757716553594, "CALL": 0.7035524228344641}, ".Q.BET.FOLD": {}, ".Q.BET.CALL": {}, ".K.CHECK": {"BET": 0.5016858483918668, "CHECK": 0.4983141516081332}, ".Q.CHECK.BET": {"CALL": 0.23613944706520826, "FOLD": 0.7638605529347917}, ".K.CHECK.BET.CALL": {}, ".K.CHECK.BET.FOLD": {}, ".Q.CHECK.CHECK": {}, ".J.": {"BET": 0.23714696014991063, "CHECK": 0.7628530398500893}, ".J.BET.FOLD": {}, ".J.BET.CALL": {}, ".J.CHECK.BET": {"CALL": 0.00032771711842313235, "FOLD": 0.9996722828815768}, ".J.CHECK.CHECK": {}, ".A.BET": {"FOLD": 0.0005, "CALL": 0.9995}, ".A.CHECK": {"BET": 0.9995, "CHECK": 0.0005}, ".A.CHECK.BET.CALL": {}, ".A.CHECK.BET.FOLD": {}, ".A.": {"BET": 0.7339524768274239, "CHECK": 0.2660475231725761}, ".A.BET.FOLD": {}, ".A.BET.CALL": {}, ".A.CHECK.BET": {"CALL": 0.9990603182581113, "FOLD": 0.0009396817418887739}, ".A.CHECK.CHECK": {}}